nome,data_nascimento,cpf,email
Murilo da Cunha,1950-06-10,53426071673,pereiravalentina@bol.com.br
Caio Rocha,1996-01-07,79574130215,peixotomilena@gomes.com
Isadora Duarte,1994-01-17,83193697206,alexandrecunha@peixoto.br
Clarice Cardoso,1962-10-20,40340455071,tteixeira@campos.org
Sabrina Barbosa,1967-12-16,90703672460,pirestheo@ig.com.br
Ana Vitória Correia,1979-02-21,26883894594,fernandaaraujo@gmail.com
Agatha Gonçalves,1970-06-07,93971566405,holiveira@gmail.com
Isabel Rocha,1954-05-03,80279503687,gustavo-henriqueda-mata@gmail.com
Joana da Rosa,1964-06-16,85785194503,daniel52@hotmail.com
Marcela Costela,1972-08-26,98499359604,monteirobreno@bol.com.br
Antônio Vieira,1980-06-10,28719519850,joaquim45@mendes.com
Maria Lopes,1945-08-16,77833014010,marcelanunes@oliveira.com
Marcos Vinicius Nogueira,1966-01-17,33651300390,lorenzoferreira@hotmail.com
Matheus da Mata,1988-01-21,73898087565,bteixeira@aragao.net
Bárbara da Paz,1952-07-12,87817578591,opeixoto@carvalho.com
Enzo Gabriel Dias,1970-09-05,89934397021,joaquimda-costa@lima.org
Erick Almeida,1988-11-19,91536573140,pedro-lucas96@uol.com.br
Bianca Freitas,1999-06-22,25428368926,marcela42@uol.com.br
Vitor Gabriel da Luz,2002-12-21,14114239847,melonicole@monteiro.com
Erick Azevedo,1949-11-11,71669341909,duartejoao-miguel@yahoo.com.br
Sabrina Silveira,1980-01-17,44313163964,limarenan@pereira.br
Natália Melo,2004-12-11,58906049455,nataliafreitas@ferreira.net
Amanda Silva,1953-02-15,38415749040,lavinia48@cardoso.org
João Felipe Mendes,1982-03-10,82481945077,isabellarodrigues@gmail.com
Maria Luiza da Luz,1946-08-27,12767687614,clara94@rodrigues.com
Maria Vitória Ribeiro,1957-05-30,63274280453,das-nevespaulo@yahoo.com.br
Luiz Felipe Dias,1948-01-07,42481131800,carlos-eduardo55@farias.net
Kevin Rezende,2001-03-13,35924794237,umoura@bol.com.br
Peda Luz,1985-08-13,50204903939,ryan91@oliveira.com
Ana Clara Caldeira,1986-11-07,58099924630,felipearaujo@hotmail.com
Juan Almeida,1966-03-05,97240713245,alexiagoncalves@hotmail.com
Alana Nascimento,1972-12-09,60184781299,jesusleonardo@ig.com.br
Nina Oliveira,2001-11-08,90711058571,joao70@da.com
Davi Luiz da Luz,1996-08-19,60366269836,uviana@hotmail.com
Daniel da Luz,1969-04-05,21975086953,felipeda-rosa@fernandes.br
Manuela da Cunha,1984-04-30,15854636557,sarahsales@da.br
Thales Araújo,1956-09-19,90322456436,dmoreira@costa.net
Esther Freitas,1955-12-14,90902625713,luiz-felipefernandes@da.net
Sophia Azevedo,1983-01-10,00570441986,maria-fernandanogueira@hotmail.com
Stella Peixoto,2002-04-23,81706691548,bnunes@almeida.com
Diogo Freitas,1965-02-20,90822182831,hmendes@peixoto.br
Emanuel Castro,1969-12-22,44108135873,vitoria30@yahoo.com.br
Lucca Gomes,1981-03-25,02221220722,fogacaigor@yahoo.com.br
Helena Pires,2002-11-20,86851891441,enzo41@oliveira.com
Juan Farias,1944-04-05,55543816774,da-costalucca@bol.com.br
João Viana,2000-03-10,19473288590,qdias@cardoso.br
Bruna Cardoso,1990-01-24,53082215700,melissavieira@farias.br
Yago da Paz,1993-05-02,16127165636,noahduarte@uol.com.br
Alana Cavalcanti,1947-09-11,81906380503,manuela42@ig.com.br
Felipe Teixeira,1967-02-13,30801359031,kpinto@bol.com.br
Mirella Moraes,1960-08-19,82142031803,lopeslavinia@novaes.net
Maria Julia Rodrigues,1953-10-07,88503193639,jcaldeira@nascimento.org
Carolina da Luz,1974-04-22,88446136546,ceciliacaldeira@porto.com
AlexanGomes,1953-02-14,20273875442,andrebarros@castro.net
Sofia Moura,1969-03-10,20909457107,zgomes@souza.br
Matheus Martins,1992-09-26,16498625201,nfreitas@araujo.br
PeMiguel Pinto,1953-04-30,90669274100,da-luzmaria-vitoria@ig.com.br
Alice Fernandes,1993-09-20,91251501621,daniel36@costa.com
Rebeca Lima,1965-09-02,74701907758,lunapires@aragao.com
Nicolas Moura,1987-10-01,21995596884,alexandre65@sales.org
Davi Luiz da Paz,1988-09-04,59108128154,ferreirabeatriz@gmail.com
Benjamin Santos,1955-07-20,38862617194,ana-sophia84@uol.com.br
Alana Moura,1958-12-09,63011742677,wduarte@ig.com.br
Diogo Nunes,1973-02-23,40830433856,antonioazevedo@yahoo.com.br
Ana Lívia Costela,1994-05-08,74093217173,rda-mota@yahoo.com.br
Maria Eduarda Nogueira,2001-06-25,40074353918,ribeirorebeca@dias.org
Luiz Gustavo Pinto,1990-01-19,43803548659,da-rosajulia@viana.com
Felipe da Paz,1967-06-25,25394897107,vieiracarolina@da.net
Guilherme Correia,1985-12-18,75776408911,isis41@araujo.com
Brenda Araújo,1957-07-22,29691124424,ana-julia21@ig.com.br
Murilo Carvalho,1954-01-30,01266412263,emillyfogaca@ig.com.br
LeanDias,1985-09-25,20093755643,fda-rosa@da.br
Bianca Teixeira,1984-07-29,15331360092,limajoao-guilherme@ig.com.br
Isabel Farias,1995-06-18,41940123488,aragaobruno@yahoo.com.br
Isabella Cardoso,1953-01-26,06238203820,costelajuan@hotmail.com
Ana Luiza Fernandes,1950-04-27,59729249199,diegobarbosa@ig.com.br
Diego Duarte,1969-01-05,34076680588,ribeirorafael@bol.com.br
Marina Carvalho,1964-07-09,89912362861,zsouza@bol.com.br
Raquel Rezende,1984-11-01,04114037888,evelyncosta@da.com
Brenda Duarte,1947-09-17,55243243736,sofiada-rocha@uol.com.br
João PeFogaça,1951-12-16,14428487312,eloahpeixoto@silveira.br
Eloah Fogaça,1949-02-15,47769423481,ferreiramurilo@ig.com.br
Júlia Teixeira,1955-05-14,35886463615,ycavalcanti@araujo.br
Stella Moura,1946-12-16,26101308057,fernanda54@ig.com.br
Vitor Hugo Almeida,1974-02-22,89578655517,halves@ferreira.br
Breno da Cruz,1949-11-30,70099039303,isabellyda-paz@porto.com
Marcelo da Cruz,2005-08-27,22755128020,scastro@yahoo.com.br
Sabrina Silveira,1949-12-01,54056718865,maite06@hotmail.com
João Gabriel Rezende,2003-01-04,73944784405,walves@yahoo.com.br
João Miguel Pereira,1956-02-21,02389246702,eda-conceicao@uol.com.br
Yuri da Mota,1954-02-01,17227179710,nmoreira@santos.org
Maria Sophia Aragão,1990-07-03,75099005225,iramos@monteiro.org
Arthur Teixeira,1959-12-30,34092615752,joao-vitor32@gmail.com
Antônio Cunha,1945-06-11,35434359810,cavalcantinathan@lopes.net
Lucca Almeida,1991-08-27,37971716419,monteirovitor-gabriel@almeida.com
Camila Oliveira,1986-11-09,51766027334,bcosta@ig.com.br
Erick Peixoto,1949-04-09,75403451528,xcarvalho@ribeiro.com
Luna Porto,1971-08-15,67158556255,nda-conceicao@uol.com.br
Miguel Gomes,1988-09-19,44538327450,zda-costa@uol.com.br
Enzo Cardoso,1987-11-13,45177196500,erezende@silva.com
Cecília Moraes,1982-01-07,50679983007,melissa89@lopes.br
Miguel Caldeira,1973-03-23,01477421530,da-cunhalorenzo@sales.br
Luna da Conceição,1983-11-10,64439107613,yasminmelo@gmail.com
Maria Alice Cardoso,1946-05-01,56203924903,rafael28@uol.com.br
Gustavo Rocha,1949-07-10,32686875127,ferreiraemanuelly@gmail.com
Maria Luiza da Mota,1962-08-02,60086452355,ana-luiza55@lima.br
Kaique Almeida,1964-10-22,32415593940,tcostela@hotmail.com
Evelyn Cardoso,1948-11-21,76918264435,da-rochaenrico@ig.com.br
Stella Silveira,2003-01-19,91330893450,frezende@hotmail.com
Maria Cecília Silva,2003-05-29,35814569310,melissa23@aragao.br
Nicole Lima,1971-01-02,53003673203,mirellada-rosa@uol.com.br
Agatha Santos,1983-05-15,58855767348,thales59@cunha.br
Vitória Caldeira,1986-07-03,91269803476,nnogueira@das.com
Vinicius da Cunha,1995-11-23,36957175723,julia13@da.com
Sofia Farias,1975-04-20,38288561950,lpeixoto@peixoto.br
Evelyn Barros,1971-08-03,59898262494,claricealves@ig.com.br
Maria Julia Pinto,1968-12-03,72749958040,thomas37@farias.net
Breno Araújo,1983-06-12,53452825604,rcostela@uol.com.br
Sabrina Novaes,1987-09-07,85638230009,biancaoliveira@teixeira.br
Lucas Gabriel da Rosa,1975-03-16,78356447976,davi-lucasalmeida@alves.br
Augusto Oliveira,1945-10-13,19202879575,diogo47@yahoo.com.br
Felipe Cardoso,2005-11-23,18911963089,monteiroagatha@souza.com
Eduardo Duarte,2005-11-12,98519512771,lucas25@aragao.net
PeMiguel Nunes,1977-11-24,04445068292,monteirobenjamin@yahoo.com.br
Benício da Conceição,1985-07-21,79281108305,costanathan@farias.com
Ryan Souza,1984-10-05,37628520308,natalianascimento@yahoo.com.br
Davi Lucca Pires,2002-12-21,44874100104,danielcorreia@yahoo.com.br
Raul Pereira,1959-05-05,29026356722,ecaldeira@rocha.com
Isadora Fernandes,1979-07-14,69825860901,sarah11@bol.com.br
Bianca Costela,1954-07-29,10394013174,sophiacosta@ig.com.br
Luiz Fernando Araújo,1950-08-01,57524524064,zvieira@moraes.br
Nicole Mendes,1993-06-02,92211168671,alicedas-neves@uol.com.br
Esther Gomes,2000-03-11,33122601834,andrecardoso@teixeira.br
Brenda Nascimento,1977-06-15,67559919880,cardosoemilly@cavalcanti.br
Luiz Henrique Farias,1983-06-21,27347824729,xcostela@ig.com.br
Marina Moreira,1974-08-09,07569309790,valentinaferreira@uol.com.br
Fernando Pereira,1977-03-16,80104126434,eda-luz@uol.com.br
João Lucas Farias,1970-04-17,48538637614,qdas-neves@uol.com.br
Ana Campos,1973-06-04,73889689540,ofarias@gmail.com
Ana Beatriz Alves,1974-01-28,19946137267,xcostela@gmail.com
Emanuel Cardoso,2005-06-26,62582939480,martinsbarbara@peixoto.br
Beatriz da Cruz,1952-08-27,05687913203,alexiaalves@ig.com.br
Davi Luiz Sales,1973-11-22,70198642601,gbarros@silveira.org
Heloísa Carvalho,1964-12-13,86236961409,rsilveira@melo.com
Kamilly Gomes,1950-06-30,00189711728,bda-mota@hotmail.com
Juan Moraes,1993-02-14,76781089749,antonio80@uol.com.br
Luna Gomes,1964-07-20,61033770647,caldeiramilena@hotmail.com
Enzo da Paz,1997-12-20,92299555234,souzamiguel@pinto.com
Ana Lívia Oliveira,1971-02-21,33575095558,ana-julia57@ig.com.br
Marcela Vieira,1971-08-25,85246971643,sarahda-rosa@gmail.com
Erick Porto,1978-11-19,63267745357,fernandapinto@uol.com.br
Gabriela Monteiro,1987-08-14,40731224361,limapedro-lucas@correia.com
João Felipe Gomes,1966-03-16,28426868614,fernanda98@gmail.com
Nathan das Neves,1952-07-13,26791133309,liviacardoso@ribeiro.org
Nathan Dias,1994-06-14,27708117208,kferreira@ig.com.br
Noah Castro,1979-01-04,61311242210,amandacarvalho@bol.com.br
Agatha Cardoso,1966-02-23,70010601511,lcunha@azevedo.net
Alícia Lopes,1953-08-30,02278237292,emanuelbarros@farias.br
Vitória Caldeira,1974-02-12,99452615338,maria-clara94@uol.com.br
Joana Novaes,2002-10-08,23997199051,znunes@viana.org
Enzo Gabriel Novaes,1962-11-17,41459747941,eloah20@yahoo.com.br
Laís Gonçalves,1977-07-20,93662004437,limakevin@fogaca.com
Paulo Silva,2006-05-18,98481529621,vianadiogo@cavalcanti.com
Lívia da Paz,2003-12-26,28145359279,ypeixoto@aragao.net
Camila Azevedo,1952-02-26,97042047605,joao-pedrofernandes@bol.com.br
Leonardo Viana,1997-05-09,33105345027,ana-luizaporto@da.com
Caroline Porto,1998-04-01,57120807102,qda-costa@barbosa.net
Daniela Azevedo,1972-11-20,04850987761,ramosmaria-fernanda@bol.com.br
Olivia Pereira,1997-06-06,80892241055,cavalcantibreno@yahoo.com.br
Julia Silveira,1947-10-26,92936748666,barrosyasmin@martins.org
Ana Beatriz Porto,1984-02-05,65595966300,psales@rezende.net
Isadora da Luz,1987-02-01,91261310136,leonardo12@yahoo.com.br
Paulo Fogaça,1965-04-26,74903103773,bruno04@gomes.net
Enzo da Rosa,1982-03-13,51273256832,juliana86@carvalho.br
Caio Farias,1944-06-09,18100044384,jda-cunha@uol.com.br
Alexia Santos,1964-08-13,45139919419,luigi41@hotmail.com
Eloah Caldeira,2006-04-01,98495753448,joao81@uol.com.br
Agatha Correia,1995-11-25,43407935668,carolinada-paz@ig.com.br
Anthony Cardoso,2004-07-20,99670667097,bda-mata@bol.com.br
Vinicius Pinto,1993-10-22,05871127193,kda-cruz@ig.com.br
Ana Vitória Viana,1970-11-09,08340209477,isabellymonteiro@ferreira.br
Nathan Cavalcanti,1991-02-15,02221192842,jesusluiz-otavio@fernandes.org
Lara Barbosa,1946-04-09,28652403554,daniloaraujo@carvalho.com
Sabrina Mendes,1973-02-10,61784046540,castrosarah@melo.com
Emilly Souza,1997-04-03,56437752718,ncardoso@moraes.br
Vitor Hugo Novaes,1953-08-03,20570780519,nunesgustavo@nascimento.br
Stephany Lima,1995-07-08,03629099114,raquel34@ig.com.br
Agatha Fogaça,1987-09-12,87804560222,raraujo@jesus.com
Camila Cunha,1962-05-12,97605106696,pgomes@uol.com.br
Alícia Nogueira,1979-01-21,44943786669,knascimento@yahoo.com.br
João PeAraújo,1977-04-28,91345846177,thiago12@da.net
PeMiguel Alves,1995-10-25,28294164739,zpinto@hotmail.com
Ana Lívia Novaes,1958-04-03,21170916449,larissafreitas@moura.br
Diogo Freitas,2002-12-13,62582782211,alvescaue@uol.com.br
Luiz Otávio da Cunha,1978-10-17,47016028410,ncampos@nascimento.com
Maria Clara Correia,1959-05-30,84860894502,sophie43@uol.com.br
Caroline Costa,1946-09-27,08294021369,salesisadora@gmail.com
Daniela Alves,1962-08-21,49080766003,vduarte@teixeira.net
Rafael da Cunha,1962-02-25,11556066716,uda-rosa@moraes.org
Calebe Mendes,1963-04-12,52695896131,fernanda58@gmail.com
